{
    "best_params": {
        "model__gamma": 0.0,
        "model__learning_rate": 0.034095002297865155,
        "model__max_depth": 9,
        "model__reg_alpha": 0.0,
        "model__reg_lambda": 15.085993959932704
    },
    "best_score": 0.4813339301632954,
    "tuning_time_in_sec": 153.82
}