{
    "best_params": {
        "model__gamma": 0.37036127723065704,
        "model__learning_rate": 0.029972951511358824,
        "model__max_depth": 9,
        "model__reg_alpha": 0.0,
        "model__reg_lambda": 19.83959838416719
    },
    "best_score": 0.4792259118214929,
    "tuning_time_in_sec": 157.11
}