{
    "SVM_corr_SMOTE": {
        "best_params": {
            "model__alpha": 0.2133985523173574,
            "model__penalty": "l2"
        },
        "best_score": 0.4760070129043288,
        "tuning_time_in_sec": 2480.64
    },
    "SVM_corr_balanced": {
        "best_params": {
            "model__alpha": 0.22064900110378594,
            "model__penalty": "l2"
        },
        "best_score": 0.4721073467856886,
        "tuning_time_in_sec": 739.85
    }
}