{
    "Logistic Regression_corr_SMOTE": {
        "best_params": {
            "model__C": 5.3413121734697394e-05,
            "model__penalty": "l2"
        },
        "best_score": 0.45848711699649936,
        "tuning_time_in_sec": 649.74
    },
    "Logistic Regression_corr_balanced": {
        "best_params": {
            "model__C": 9.473819813487277e-05,
            "model__penalty": "l2"
        },
        "best_score": 0.45579030287912553,
        "tuning_time_in_sec": 486.09
    }
}